{"cameraMode":{"drawMode":0,"name":"Shaded","section":"Shading Mode"},"sceneLighting":false,"audioPlay":false,"sceneViewState":{"m_AlwaysRefresh":false,"showFog":true,"showSkybox":false,"showFlares":true,"showImageEffects":true,"showParticleSystems":true,"showVisualEffectGraphs":true,"m_FxEnabled":true},"in2DMode":false,"pivot":{"x":0.020389318466186525,"y":0.21351832151412965,"z":0.01287299394607544},"rotation":{"x":-0.0032226366456598045,"y":-0.9929162859916687,"z":0.11550606787204743,"w":-0.027703257277607919},"size":0.25002017617225649,"orthographic":true}